model_name,accuracy
model_0_0.pth,1.0
model_0_1.pth,0.999
model_0_2.pth,1.0
model_0_3.pth,0.905
model_0_4.pth,0.999
model_0_5.pth,0.999
model_0_6.pth,1.0
model_0_7.pth,0.999
model_0_8.pth,0.894
model_0_9.pth,0.99
model_0_10.pth,0.998
model_0_11.pth,0.999
model_0_12.pth,1.0
model_0_13.pth,0.999
model_0_14.pth,0.999
model_0_15.pth,0.999
model_0_16.pth,0.997
model_0_17.pth,0.999
model_0_18.pth,1.0
model_0_19.pth,0.999
model_0_20.pth,0.999
model_0_21.pth,0.885
model_0_22.pth,1.0
model_0_23.pth,0.999
model_0_24.pth,0.998
model_0_25.pth,0.997
model_0_26.pth,0.999
model_0_27.pth,1.0
model_0_28.pth,0.885
model_0_29.pth,1.0
model_0_30.pth,0.997
model_0_31.pth,1.0
model_0_32.pth,0.999
model_0_33.pth,0.999
model_0_34.pth,0.999
model_0_35.pth,0.999
model_0_36.pth,0.999
model_0_37.pth,0.999
model_0_38.pth,0.905
model_0_39.pth,0.999
model_0_40.pth,1.0
model_0_41.pth,0.993
model_0_42.pth,0.999
model_0_43.pth,0.999
model_0_44.pth,0.999
model_0_45.pth,0.999
model_0_46.pth,0.999
model_0_47.pth,0.999
model_0_48.pth,0.999
model_0_49.pth,0.999
model_0_50.pth,0.897
model_0_51.pth,0.898
model_0_52.pth,0.999
model_0_53.pth,1.0
model_0_54.pth,0.999
model_0_55.pth,1.0
model_0_56.pth,0.999
model_0_57.pth,0.903
model_0_58.pth,0.999
model_0_59.pth,0.902
model_0_60.pth,0.904
model_0_61.pth,0.901
model_0_62.pth,0.893
model_0_63.pth,0.891
model_0_64.pth,0.999
model_0_65.pth,0.999
model_0_66.pth,0.885
model_0_67.pth,1.0
model_0_68.pth,0.898
model_0_69.pth,1.0
model_0_70.pth,0.999
model_0_71.pth,0.882
model_0_72.pth,0.999
model_0_73.pth,1.0
model_0_74.pth,0.999
model_0_75.pth,1.0
model_0_76.pth,0.999
model_0_77.pth,0.999
model_0_78.pth,0.999
model_0_79.pth,0.997
model_0_80.pth,0.999
model_0_81.pth,0.999
model_0_82.pth,0.999
model_0_83.pth,0.998
model_0_84.pth,0.998
model_0_85.pth,0.999
model_0_86.pth,0.999
model_0_87.pth,0.999
model_0_88.pth,0.904
model_0_89.pth,0.999
model_0_90.pth,0.999
model_0_91.pth,0.999
model_0_92.pth,0.999
model_0_93.pth,0.999
model_0_94.pth,1.0
model_0_95.pth,1.0
model_0_96.pth,0.899
model_0_97.pth,0.999
model_0_98.pth,0.999
model_0_99.pth,0.999
model_0_100.pth,0.999
model_0_101.pth,1.0
model_0_102.pth,0.999
model_0_103.pth,0.999
model_0_104.pth,0.998
model_0_105.pth,0.999
model_0_106.pth,1.0
model_0_107.pth,0.999
model_0_108.pth,0.999
model_0_109.pth,1.0
model_0_110.pth,1.0
model_0_111.pth,0.999
model_0_112.pth,0.999
model_0_113.pth,0.905
model_0_114.pth,0.999
model_0_115.pth,1.0
model_0_116.pth,0.999
model_0_117.pth,0.886
model_0_118.pth,1.0
model_0_119.pth,0.999
model_0_120.pth,0.999
model_0_121.pth,0.997
model_0_122.pth,0.999
model_0_123.pth,0.999
model_0_124.pth,0.905
model_0_125.pth,1.0
model_0_126.pth,0.999
model_0_127.pth,0.999
model_0_128.pth,0.898
model_0_129.pth,0.999
model_0_130.pth,0.879
model_0_131.pth,0.999
model_0_132.pth,1.0
model_0_133.pth,0.996
model_0_134.pth,0.999
model_0_135.pth,0.999
model_0_136.pth,0.999
model_0_137.pth,0.998
model_0_138.pth,1.0
model_0_139.pth,0.999
model_0_140.pth,0.999
model_0_141.pth,0.999
model_0_142.pth,0.999
model_0_143.pth,1.0
model_0_144.pth,0.999
model_0_145.pth,0.999
model_0_146.pth,1.0
model_0_147.pth,0.999
model_0_148.pth,0.999
model_0_149.pth,0.999
model_0_150.pth,0.999
model_0_151.pth,0.999
model_0_152.pth,0.899
model_0_153.pth,0.999
model_0_154.pth,0.997
model_0_155.pth,0.894
model_0_156.pth,0.894
model_0_157.pth,0.999
model_0_158.pth,0.997
model_0_159.pth,1.0
model_0_160.pth,1.0
model_0_161.pth,1.0
model_0_162.pth,0.999
model_0_163.pth,0.999
model_0_164.pth,1.0
model_0_165.pth,1.0
model_0_166.pth,1.0
model_0_167.pth,0.999
model_0_168.pth,0.999
model_0_169.pth,0.999
model_0_170.pth,0.999
model_0_171.pth,0.999
model_0_172.pth,0.998
model_0_173.pth,0.999
model_0_174.pth,0.999
model_0_175.pth,0.999
model_0_176.pth,0.999
model_0_177.pth,0.999
model_0_178.pth,0.999
model_0_179.pth,1.0
model_0_180.pth,0.999
model_0_181.pth,0.999
model_0_182.pth,1.0
model_0_183.pth,0.886
model_0_184.pth,0.999
model_0_185.pth,0.999
model_0_186.pth,0.999
model_0_187.pth,0.999
model_0_188.pth,0.999
model_0_189.pth,0.998
model_0_190.pth,0.999
model_0_191.pth,0.998
model_0_192.pth,0.999
model_0_193.pth,0.999
model_0_194.pth,0.999
model_0_195.pth,0.998
model_0_196.pth,0.999
model_0_197.pth,0.999
model_0_198.pth,0.999
model_0_199.pth,0.999
model_45_0.pth,0.999
model_45_1.pth,0.999
model_45_2.pth,1.0
model_45_3.pth,0.998
model_45_4.pth,0.999
model_45_5.pth,1.0
model_45_6.pth,0.999
model_45_7.pth,0.885
model_45_8.pth,0.998
model_45_9.pth,0.999
model_45_10.pth,1.0
model_45_11.pth,0.999
model_45_12.pth,0.897
model_45_13.pth,0.999
model_45_14.pth,0.898
model_45_15.pth,0.999
model_45_16.pth,0.897
model_45_17.pth,0.999
model_45_18.pth,0.904
model_45_19.pth,0.998
model_45_20.pth,1.0
model_45_21.pth,0.998
model_45_22.pth,0.997
model_45_23.pth,0.997
model_45_24.pth,0.999
model_45_25.pth,0.999
model_45_26.pth,0.998
model_45_27.pth,0.999
model_45_28.pth,0.998
model_45_29.pth,1.0
model_45_30.pth,0.999
model_45_31.pth,0.999
model_45_32.pth,1.0
model_45_33.pth,0.997
model_45_34.pth,0.999
model_45_35.pth,0.999
model_45_36.pth,1.0
model_45_37.pth,0.999
model_45_38.pth,0.999
model_45_39.pth,1.0
model_45_40.pth,0.999
model_45_41.pth,0.998
model_45_42.pth,1.0
model_45_43.pth,0.885
model_45_44.pth,0.997
model_45_45.pth,0.896
model_45_46.pth,1.0
model_45_47.pth,0.998
model_45_48.pth,0.999
model_45_49.pth,0.999
model_45_50.pth,0.999
model_45_51.pth,0.999
model_45_52.pth,0.887
model_45_53.pth,0.998
model_45_54.pth,0.999
model_45_55.pth,1.0
model_45_56.pth,0.886
model_45_57.pth,1.0
model_45_58.pth,1.0
model_45_59.pth,0.999
model_45_60.pth,1.0
model_45_61.pth,0.848
model_45_62.pth,0.898
model_45_63.pth,0.999
model_45_64.pth,0.878
model_45_65.pth,0.895
model_45_66.pth,0.999
model_45_67.pth,0.895
model_45_68.pth,0.999
model_45_69.pth,0.999
model_45_70.pth,0.999
model_45_71.pth,0.999
model_45_72.pth,0.999
model_45_73.pth,0.898
model_45_74.pth,1.0
model_45_75.pth,1.0
model_45_76.pth,0.999
model_45_77.pth,0.999
model_45_78.pth,0.997
model_45_79.pth,0.999
model_45_80.pth,0.999
model_45_81.pth,0.896
model_45_82.pth,1.0
model_45_83.pth,0.998
model_45_84.pth,0.999
model_45_85.pth,0.999
model_45_86.pth,0.999
model_45_87.pth,0.999
model_45_88.pth,0.997
model_45_89.pth,0.997
model_45_90.pth,0.997
model_45_91.pth,0.999
model_45_92.pth,1.0
model_45_93.pth,0.999
model_45_94.pth,0.999
model_45_95.pth,0.998
model_45_96.pth,0.999
model_45_97.pth,0.997
model_45_98.pth,0.999
model_45_99.pth,0.999
model_45_100.pth,0.876
model_45_101.pth,0.877
model_45_102.pth,0.999
model_45_103.pth,0.999
model_45_104.pth,0.999
model_45_105.pth,0.999
model_45_106.pth,0.999
model_45_107.pth,0.905
model_45_108.pth,0.878
model_45_109.pth,0.999
model_45_110.pth,0.997
model_45_111.pth,1.0
model_45_112.pth,0.999
model_45_113.pth,0.999
model_45_114.pth,0.999
model_45_115.pth,0.999
model_45_116.pth,0.998
model_45_117.pth,0.998
model_45_118.pth,0.999
model_45_119.pth,0.999
model_45_120.pth,0.999
model_45_121.pth,0.999
model_45_122.pth,1.0
model_45_123.pth,1.0
model_45_124.pth,1.0
model_45_125.pth,0.903
model_45_126.pth,0.999
model_45_127.pth,1.0
model_45_128.pth,0.998
model_45_129.pth,0.999
model_45_130.pth,0.997
model_45_131.pth,0.993
model_45_132.pth,0.999
model_45_133.pth,0.905
model_45_134.pth,0.999
model_45_135.pth,1.0
model_45_136.pth,0.999
model_45_137.pth,0.999
model_45_138.pth,0.996
model_45_139.pth,0.995
model_45_140.pth,0.999
model_45_141.pth,0.999
model_45_142.pth,1.0
model_45_143.pth,0.999
model_45_144.pth,0.997
model_45_145.pth,1.0
model_45_146.pth,0.998
model_45_147.pth,0.904
model_45_148.pth,0.998
model_45_149.pth,0.999
model_45_150.pth,1.0
model_45_151.pth,1.0
model_45_152.pth,0.997
model_45_153.pth,0.997
model_45_154.pth,0.999
model_45_155.pth,0.998
model_45_156.pth,0.999
model_45_157.pth,0.999
model_45_158.pth,0.999
model_45_159.pth,0.884
model_45_160.pth,1.0
model_45_161.pth,0.999
model_45_162.pth,1.0
model_45_163.pth,0.999
model_45_164.pth,0.999
model_45_165.pth,0.999
model_45_166.pth,1.0
model_45_167.pth,1.0
model_45_168.pth,1.0
model_45_169.pth,0.997
model_45_170.pth,1.0
model_45_171.pth,1.0
model_45_172.pth,0.999
model_45_173.pth,1.0
model_45_174.pth,1.0
model_45_175.pth,0.858
model_45_176.pth,0.998
model_45_177.pth,0.997
model_45_178.pth,0.897
model_45_179.pth,1.0
model_45_180.pth,0.864
model_45_181.pth,0.905
model_45_182.pth,0.999
model_45_183.pth,0.999
model_45_184.pth,0.999
model_45_185.pth,0.999
model_45_186.pth,0.897
model_45_187.pth,0.999
model_45_188.pth,1.0
model_45_189.pth,0.999
model_45_190.pth,0.999
model_45_191.pth,1.0
model_45_192.pth,1.0
model_45_193.pth,0.897
model_45_194.pth,0.997
model_45_195.pth,0.841
model_45_196.pth,0.903
model_45_197.pth,1.0
model_45_198.pth,0.999
model_45_199.pth,0.999
model_90_0.pth,0.886
model_90_1.pth,0.999
model_90_2.pth,1.0
model_90_3.pth,0.999
model_90_4.pth,0.878
model_90_5.pth,1.0
model_90_6.pth,0.999
model_90_7.pth,0.999
model_90_8.pth,0.999
model_90_9.pth,0.999
model_90_10.pth,0.999
model_90_11.pth,1.0
model_90_12.pth,0.997
model_90_13.pth,1.0
model_90_14.pth,0.999
model_90_15.pth,1.0
model_90_16.pth,0.999
model_90_17.pth,0.999
model_90_18.pth,0.999
model_90_19.pth,0.999
model_90_20.pth,0.999
model_90_21.pth,0.896
model_90_22.pth,0.997
model_90_23.pth,0.999
model_90_24.pth,1.0
model_90_25.pth,0.999
model_90_26.pth,0.999
model_90_27.pth,0.999
model_90_28.pth,0.999
model_90_29.pth,0.999
model_90_30.pth,0.878
model_90_31.pth,1.0
model_90_32.pth,0.999
model_90_33.pth,0.898
model_90_34.pth,1.0
model_90_35.pth,1.0
model_90_36.pth,0.998
model_90_37.pth,0.999
model_90_38.pth,0.999
model_90_39.pth,0.999
model_90_40.pth,0.998
model_90_41.pth,0.998
model_90_42.pth,0.999
model_90_43.pth,0.999
model_90_44.pth,0.878
model_90_45.pth,0.999
model_90_46.pth,1.0
model_90_47.pth,1.0
model_90_48.pth,1.0
model_90_49.pth,0.996
model_90_50.pth,0.999
model_90_51.pth,0.999
model_90_52.pth,1.0
model_90_53.pth,0.998
model_90_54.pth,0.998
model_90_55.pth,0.999
model_90_56.pth,0.999
model_90_57.pth,0.999
model_90_58.pth,0.999
model_90_59.pth,0.999
model_90_60.pth,0.999
model_90_61.pth,0.999
model_90_62.pth,0.997
model_90_63.pth,1.0
model_90_64.pth,0.999
model_90_65.pth,0.999
model_90_66.pth,0.999
model_90_67.pth,0.996
model_90_68.pth,0.999
model_90_69.pth,0.999
model_90_70.pth,0.894
model_90_71.pth,1.0
model_90_72.pth,0.999
model_90_73.pth,0.998
model_90_74.pth,0.999
model_90_75.pth,0.999
model_90_76.pth,0.998
model_90_77.pth,0.999
model_90_78.pth,0.999
model_90_79.pth,0.999
model_90_80.pth,1.0
model_90_81.pth,0.999
model_90_82.pth,0.903
model_90_83.pth,0.999
model_90_84.pth,1.0
model_90_85.pth,1.0
model_90_86.pth,0.999
model_90_87.pth,1.0
model_90_88.pth,1.0
model_90_89.pth,1.0
model_90_90.pth,0.897
model_90_91.pth,0.999
model_90_92.pth,0.999
model_90_93.pth,0.999
model_90_94.pth,0.898
model_90_95.pth,0.999
model_90_96.pth,0.999
model_90_97.pth,0.999
model_90_98.pth,0.997
model_90_99.pth,0.997
model_90_100.pth,0.999
model_90_101.pth,0.999
model_90_102.pth,1.0
model_90_103.pth,0.998
model_90_104.pth,1.0
model_90_105.pth,0.991
model_90_106.pth,0.895
model_90_107.pth,0.999
model_90_108.pth,0.997
model_90_109.pth,0.999
model_90_110.pth,0.895
model_90_111.pth,0.999
model_90_112.pth,1.0
model_90_113.pth,0.998
model_90_114.pth,0.885
model_90_115.pth,0.999
model_90_116.pth,1.0
model_90_117.pth,0.897
model_90_118.pth,0.885
model_90_119.pth,0.997
model_90_120.pth,0.999
model_90_121.pth,0.998
model_90_122.pth,0.999
model_90_123.pth,0.999
model_90_124.pth,1.0
model_90_125.pth,0.999
model_90_126.pth,1.0
model_90_127.pth,0.999
model_90_128.pth,0.999
model_90_129.pth,0.999
model_90_130.pth,0.999
model_90_131.pth,0.999
model_90_132.pth,0.999
model_90_133.pth,0.999
model_90_134.pth,0.886
model_90_135.pth,0.999
model_90_136.pth,0.999
model_90_137.pth,1.0
model_90_138.pth,0.897
model_90_139.pth,1.0
model_90_140.pth,0.999
model_90_141.pth,0.999
model_90_142.pth,0.999
model_90_143.pth,0.999
model_90_144.pth,1.0
model_90_145.pth,0.999
model_90_146.pth,1.0
model_90_147.pth,0.999
model_90_148.pth,1.0
model_90_149.pth,0.999
model_90_150.pth,0.895
model_90_151.pth,0.999
model_90_152.pth,0.999
model_90_153.pth,0.999
model_90_154.pth,0.999
model_90_155.pth,0.999
model_90_156.pth,1.0
model_90_157.pth,1.0
model_90_158.pth,0.999
model_90_159.pth,0.999
model_90_160.pth,0.999
model_90_161.pth,0.997
model_90_162.pth,0.999
model_90_163.pth,0.999
model_90_164.pth,0.997
model_90_165.pth,0.999
model_90_166.pth,0.999
model_90_167.pth,0.999
model_90_168.pth,0.905
model_90_169.pth,0.999
model_90_170.pth,0.999
model_90_171.pth,0.898
model_90_172.pth,1.0
model_90_173.pth,0.998
model_90_174.pth,0.999
model_90_175.pth,0.999
model_90_176.pth,0.999
model_90_177.pth,0.904
model_90_178.pth,0.999
model_90_179.pth,0.999
model_90_180.pth,0.999
model_90_181.pth,0.999
model_90_182.pth,0.999
model_90_183.pth,0.895
model_90_184.pth,0.999
model_90_185.pth,0.999
model_90_186.pth,1.0
model_90_187.pth,1.0
model_90_188.pth,0.994
model_90_189.pth,0.999
model_90_190.pth,0.999
model_90_191.pth,0.999
model_90_192.pth,1.0
model_90_193.pth,0.994
model_90_194.pth,0.999
model_90_195.pth,0.999
model_90_196.pth,0.999
model_90_197.pth,0.999
model_90_198.pth,0.999
model_90_199.pth,0.999
model_135_0.pth,0.999
model_135_1.pth,0.999
model_135_2.pth,0.997
model_135_3.pth,0.851
model_135_4.pth,0.999
model_135_5.pth,0.997
model_135_6.pth,0.999
model_135_7.pth,0.905
model_135_8.pth,0.878
model_135_9.pth,0.999
model_135_10.pth,0.999
model_135_11.pth,0.999
model_135_12.pth,1.0
model_135_13.pth,1.0
model_135_14.pth,0.997
model_135_15.pth,0.999
model_135_16.pth,0.897
model_135_17.pth,0.999
model_135_18.pth,0.999
model_135_19.pth,0.904
model_135_20.pth,0.999
model_135_21.pth,0.993
model_135_22.pth,0.999
model_135_23.pth,1.0
model_135_24.pth,0.998
model_135_25.pth,0.998
model_135_26.pth,0.999
model_135_27.pth,0.999
model_135_28.pth,0.897
model_135_29.pth,0.905
model_135_30.pth,0.906
model_135_31.pth,0.997
model_135_32.pth,1.0
model_135_33.pth,0.999
model_135_34.pth,0.999
model_135_35.pth,0.999
model_135_36.pth,0.878
model_135_37.pth,0.905
model_135_38.pth,0.998
model_135_39.pth,0.996
model_135_40.pth,0.998
model_135_41.pth,0.999
model_135_42.pth,0.998
model_135_43.pth,0.998
model_135_44.pth,0.999
model_135_45.pth,0.999
model_135_46.pth,0.999
model_135_47.pth,0.999
model_135_48.pth,0.999
model_135_49.pth,1.0
model_135_50.pth,0.999
model_135_51.pth,0.999
model_135_52.pth,0.994
model_135_53.pth,0.897
model_135_54.pth,0.998
model_135_55.pth,0.878
model_135_56.pth,0.999
model_135_57.pth,0.905
model_135_58.pth,0.897
model_135_59.pth,0.905
model_135_60.pth,0.999
model_135_61.pth,0.998
model_135_62.pth,0.899
model_135_63.pth,0.999
model_135_64.pth,0.992
model_135_65.pth,0.897
model_135_66.pth,1.0
model_135_67.pth,0.999
model_135_68.pth,0.999
model_135_69.pth,0.886
model_135_70.pth,0.999
model_135_71.pth,0.999
model_135_72.pth,0.998
model_135_73.pth,1.0
model_135_74.pth,0.997
model_135_75.pth,0.999
model_135_76.pth,1.0
model_135_77.pth,0.999
model_135_78.pth,0.897
model_135_79.pth,0.999
model_135_80.pth,0.897
model_135_81.pth,1.0
model_135_82.pth,0.999
model_135_83.pth,0.997
model_135_84.pth,0.999
model_135_85.pth,0.998
model_135_86.pth,0.999
model_135_87.pth,1.0
model_135_88.pth,1.0
model_135_89.pth,1.0
model_135_90.pth,0.999
model_135_91.pth,1.0
model_135_92.pth,0.999
model_135_93.pth,0.997
model_135_94.pth,0.992
model_135_95.pth,0.995
model_135_96.pth,1.0
model_135_97.pth,0.992
model_135_98.pth,0.878
model_135_99.pth,0.999
model_135_100.pth,0.999
model_135_101.pth,0.992
model_135_102.pth,0.999
model_135_103.pth,0.999
model_135_104.pth,0.999
model_135_105.pth,0.999
model_135_106.pth,1.0
model_135_107.pth,0.999
model_135_108.pth,0.999
model_135_109.pth,0.898
model_135_110.pth,0.997
model_135_111.pth,0.885
model_135_112.pth,0.999
model_135_113.pth,0.905
model_135_114.pth,0.999
model_135_115.pth,0.999
model_135_116.pth,1.0
model_135_117.pth,1.0
model_135_118.pth,0.9
model_135_119.pth,0.999
model_135_120.pth,0.895
model_135_121.pth,0.998
model_135_122.pth,0.997
model_135_123.pth,0.997
model_135_124.pth,0.999
model_135_125.pth,0.999
model_135_126.pth,0.901
model_135_127.pth,0.999
model_135_128.pth,0.997
model_135_129.pth,1.0
model_135_130.pth,0.999
model_135_131.pth,0.999
model_135_132.pth,0.998
model_135_133.pth,0.881
model_135_134.pth,0.999
model_135_135.pth,0.999
model_135_136.pth,0.999
model_135_137.pth,0.996
model_135_138.pth,0.997
model_135_139.pth,1.0
model_135_140.pth,0.905
model_135_141.pth,0.999
model_135_142.pth,0.999
model_135_143.pth,0.997
model_135_144.pth,0.997
model_135_145.pth,0.897
model_135_146.pth,0.995
model_135_147.pth,1.0
model_135_148.pth,0.999
model_135_149.pth,0.999
model_135_150.pth,0.999
model_135_151.pth,0.998
model_135_152.pth,1.0
model_135_153.pth,1.0
model_135_154.pth,0.997
model_135_155.pth,0.999
model_135_156.pth,0.999
model_135_157.pth,0.999
model_135_158.pth,0.999
model_135_159.pth,0.999
model_135_160.pth,0.999
model_135_161.pth,1.0
model_135_162.pth,0.998
model_135_163.pth,0.999
model_135_164.pth,0.998
model_135_165.pth,0.994
model_135_166.pth,0.885
model_135_167.pth,0.999
model_135_168.pth,0.999
model_135_169.pth,0.997
model_135_170.pth,1.0
model_135_171.pth,0.897
model_135_172.pth,0.999
model_135_173.pth,0.999
model_135_174.pth,0.998
model_135_175.pth,0.999
model_135_176.pth,1.0
model_135_177.pth,0.999
model_135_178.pth,0.999
model_135_179.pth,0.999
model_135_180.pth,0.884
model_135_181.pth,0.999
model_135_182.pth,0.999
model_135_183.pth,0.999
model_135_184.pth,0.999
model_135_185.pth,1.0
model_135_186.pth,0.995
model_135_187.pth,0.898
model_135_188.pth,0.9
model_135_189.pth,0.999
model_135_190.pth,0.998
model_135_191.pth,1.0
model_135_192.pth,0.998
model_135_193.pth,1.0
model_135_194.pth,0.898
model_135_195.pth,0.997
model_135_196.pth,0.999
model_135_197.pth,1.0
model_135_198.pth,0.899
model_135_199.pth,0.999
model_180_0.pth,0.999
model_180_1.pth,0.999
model_180_2.pth,0.895
model_180_3.pth,0.999
model_180_4.pth,1.0
model_180_5.pth,1.0
model_180_6.pth,0.999
model_180_7.pth,0.999
model_180_8.pth,0.89
model_180_9.pth,1.0
model_180_10.pth,1.0
model_180_11.pth,0.997
model_180_12.pth,1.0
model_180_13.pth,0.999
model_180_14.pth,0.999
model_180_15.pth,1.0
model_180_16.pth,0.999
model_180_17.pth,0.998
model_180_18.pth,0.999
model_180_19.pth,0.999
model_180_20.pth,0.999
model_180_21.pth,0.999
model_180_22.pth,0.996
model_180_23.pth,0.999
model_180_24.pth,0.999
model_180_25.pth,1.0
model_180_26.pth,1.0
model_180_27.pth,0.902
model_180_28.pth,1.0
model_180_29.pth,0.998
model_180_30.pth,0.999
model_180_31.pth,1.0
model_180_32.pth,0.999
model_180_33.pth,0.999
model_180_34.pth,0.905
model_180_35.pth,0.885
model_180_36.pth,0.999
model_180_37.pth,1.0
model_180_38.pth,0.999
model_180_39.pth,0.886
model_180_40.pth,0.999
model_180_41.pth,0.999
model_180_42.pth,1.0
model_180_43.pth,0.998
model_180_44.pth,0.999
model_180_45.pth,0.999
model_180_46.pth,0.904
model_180_47.pth,0.999
model_180_48.pth,0.999
model_180_49.pth,0.999
model_180_50.pth,0.998
model_180_51.pth,0.898
model_180_52.pth,0.999
model_180_53.pth,0.847
model_180_54.pth,0.999
model_180_55.pth,1.0
model_180_56.pth,0.999
model_180_57.pth,0.997
model_180_58.pth,0.9
model_180_59.pth,0.999
model_180_60.pth,0.997
model_180_61.pth,1.0
model_180_62.pth,0.999
model_180_63.pth,0.996
model_180_64.pth,0.999
model_180_65.pth,0.998
model_180_66.pth,0.999
model_180_67.pth,0.999
model_180_68.pth,0.999
model_180_69.pth,0.999
model_180_70.pth,1.0
model_180_71.pth,0.999
model_180_72.pth,0.999
model_180_73.pth,0.999
model_180_74.pth,0.997
model_180_75.pth,0.999
model_180_76.pth,1.0
model_180_77.pth,0.999
model_180_78.pth,0.999
model_180_79.pth,0.999
model_180_80.pth,0.998
model_180_81.pth,0.999
model_180_82.pth,0.999
model_180_83.pth,0.999
model_180_84.pth,0.999
model_180_85.pth,0.999
model_180_86.pth,0.903
model_180_87.pth,0.999
model_180_88.pth,0.999
model_180_89.pth,0.999
model_180_90.pth,0.999
model_180_91.pth,0.999
model_180_92.pth,1.0
model_180_93.pth,1.0
model_180_94.pth,0.999
model_180_95.pth,0.998
model_180_96.pth,1.0
model_180_97.pth,1.0
model_180_98.pth,1.0
model_180_99.pth,0.998
model_180_100.pth,0.999
model_180_101.pth,0.999
model_180_102.pth,0.999
model_180_103.pth,0.905
model_180_104.pth,0.999
model_180_105.pth,0.894
model_180_106.pth,0.999
model_180_107.pth,0.902
model_180_108.pth,0.996
model_180_109.pth,0.999
model_180_110.pth,0.999
model_180_111.pth,0.999
model_180_112.pth,0.902
model_180_113.pth,0.999
model_180_114.pth,0.903
model_180_115.pth,0.999
model_180_116.pth,0.999
model_180_117.pth,1.0
model_180_118.pth,0.999
model_180_119.pth,1.0
model_180_120.pth,0.999
model_180_121.pth,0.999
model_180_122.pth,1.0
model_180_123.pth,0.998
model_180_124.pth,1.0
model_180_125.pth,0.999
model_180_126.pth,0.999
model_180_127.pth,0.999
model_180_128.pth,0.999
model_180_129.pth,0.999
model_180_130.pth,0.886
model_180_131.pth,0.886
model_180_132.pth,0.992
model_180_133.pth,0.999
model_180_134.pth,0.998
model_180_135.pth,0.999
model_180_136.pth,0.999
model_180_137.pth,0.896
model_180_138.pth,0.999
model_180_139.pth,1.0
model_180_140.pth,0.999
model_180_141.pth,0.995
model_180_142.pth,0.999
model_180_143.pth,1.0
model_180_144.pth,0.999
model_180_145.pth,0.999
model_180_146.pth,0.999
model_180_147.pth,1.0
model_180_148.pth,1.0
model_180_149.pth,1.0
model_180_150.pth,0.904
model_180_151.pth,1.0
model_180_152.pth,0.999
model_180_153.pth,0.886
model_180_154.pth,0.999
model_180_155.pth,0.999
model_180_156.pth,0.999
model_180_157.pth,0.999
model_180_158.pth,0.999
model_180_159.pth,0.905
model_180_160.pth,1.0
model_180_161.pth,1.0
model_180_162.pth,0.904
model_180_163.pth,1.0
model_180_164.pth,0.999
model_180_165.pth,0.999
model_180_166.pth,0.999
model_180_167.pth,0.999
model_180_168.pth,0.999
model_180_169.pth,0.995
model_180_170.pth,0.999
model_180_171.pth,0.997
model_180_172.pth,0.999
model_180_173.pth,0.905
model_180_174.pth,0.999
model_180_175.pth,0.999
model_180_176.pth,1.0
model_180_177.pth,1.0
model_180_178.pth,1.0
model_180_179.pth,0.999
model_180_180.pth,1.0
model_180_181.pth,0.999
model_180_182.pth,0.903
model_180_183.pth,0.999
model_180_184.pth,0.997
model_180_185.pth,0.999
model_180_186.pth,0.999
model_180_187.pth,1.0
model_180_188.pth,0.999
model_180_189.pth,0.997
model_180_190.pth,0.999
model_180_191.pth,0.999
model_180_192.pth,0.994
model_180_193.pth,0.999
model_180_194.pth,0.999
model_180_195.pth,1.0
model_180_196.pth,0.999
model_180_197.pth,0.999
model_180_198.pth,0.906
model_180_199.pth,0.999
model_225_0.pth,0.994
model_225_1.pth,0.999
model_225_2.pth,0.999
model_225_3.pth,1.0
model_225_4.pth,0.999
model_225_5.pth,1.0
model_225_6.pth,0.999
model_225_7.pth,0.893
model_225_8.pth,0.998
model_225_9.pth,1.0
model_225_10.pth,1.0
model_225_11.pth,0.999
model_225_12.pth,0.999
model_225_13.pth,0.999
model_225_14.pth,0.996
model_225_15.pth,0.999
model_225_16.pth,0.999
model_225_17.pth,1.0
model_225_18.pth,0.999
model_225_19.pth,0.997
model_225_20.pth,0.999
model_225_21.pth,0.997
model_225_22.pth,0.898
model_225_23.pth,1.0
model_225_24.pth,0.999
model_225_25.pth,0.993
model_225_26.pth,1.0
model_225_27.pth,0.999
model_225_28.pth,1.0
model_225_29.pth,0.898
model_225_30.pth,0.999
model_225_31.pth,0.999
model_225_32.pth,0.999
model_225_33.pth,0.904
model_225_34.pth,0.996
model_225_35.pth,1.0
model_225_36.pth,0.999
model_225_37.pth,0.997
model_225_38.pth,0.998
model_225_39.pth,0.999
model_225_40.pth,0.905
model_225_41.pth,0.998
model_225_42.pth,0.897
model_225_43.pth,0.999
model_225_44.pth,0.999
model_225_45.pth,0.999
model_225_46.pth,0.999
model_225_47.pth,0.999
model_225_48.pth,0.997
model_225_49.pth,0.997
model_225_50.pth,0.999
model_225_51.pth,0.877
model_225_52.pth,0.998
model_225_53.pth,0.896
model_225_54.pth,0.901
model_225_55.pth,0.999
model_225_56.pth,0.897
model_225_57.pth,0.999
model_225_58.pth,0.999
model_225_59.pth,0.9
model_225_60.pth,1.0
model_225_61.pth,0.999
model_225_62.pth,0.896
model_225_63.pth,0.999
model_225_64.pth,0.998
model_225_65.pth,0.999
model_225_66.pth,0.999
model_225_67.pth,0.999
model_225_68.pth,0.999
model_225_69.pth,0.998
model_225_70.pth,0.999
model_225_71.pth,0.894
model_225_72.pth,0.997
model_225_73.pth,0.999
model_225_74.pth,1.0
model_225_75.pth,1.0
model_225_76.pth,0.999
model_225_77.pth,1.0
model_225_78.pth,0.993
model_225_79.pth,0.999
model_225_80.pth,0.999
model_225_81.pth,0.999
model_225_82.pth,0.999
model_225_83.pth,0.999
model_225_84.pth,0.999
model_225_85.pth,0.998
model_225_86.pth,0.906
model_225_87.pth,0.997
model_225_88.pth,0.999
model_225_89.pth,1.0
model_225_90.pth,0.897
model_225_91.pth,0.999
model_225_92.pth,0.887
model_225_93.pth,0.999
model_225_94.pth,0.999
model_225_95.pth,0.997
model_225_96.pth,0.904
model_225_97.pth,1.0
model_225_98.pth,0.999
model_225_99.pth,0.997
model_225_100.pth,0.998
model_225_101.pth,0.999
model_225_102.pth,0.999
model_225_103.pth,0.999
model_225_104.pth,0.999
model_225_105.pth,0.899
model_225_106.pth,1.0
model_225_107.pth,1.0
model_225_108.pth,0.998
model_225_109.pth,0.999
model_225_110.pth,0.994
model_225_111.pth,0.998
model_225_112.pth,1.0
model_225_113.pth,1.0
model_225_114.pth,0.998
model_225_115.pth,1.0
model_225_116.pth,0.997
model_225_117.pth,0.999
model_225_118.pth,0.999
model_225_119.pth,0.991
model_225_120.pth,1.0
model_225_121.pth,0.999
model_225_122.pth,0.999
model_225_123.pth,0.998
model_225_124.pth,0.999
model_225_125.pth,0.895
model_225_126.pth,0.999
model_225_127.pth,0.999
model_225_128.pth,0.999
model_225_129.pth,0.898
model_225_130.pth,0.999
model_225_131.pth,0.998
model_225_132.pth,0.998
model_225_133.pth,1.0
model_225_134.pth,0.998
model_225_135.pth,0.993
model_225_136.pth,1.0
model_225_137.pth,1.0
model_225_138.pth,0.997
model_225_139.pth,0.999
model_225_140.pth,0.999
model_225_141.pth,0.899
model_225_142.pth,0.892
model_225_143.pth,0.997
model_225_144.pth,0.886
model_225_145.pth,1.0
model_225_146.pth,0.897
model_225_147.pth,0.998
model_225_148.pth,0.998
model_225_149.pth,0.998
model_225_150.pth,1.0
model_225_151.pth,0.999
model_225_152.pth,0.999
model_225_153.pth,0.897
model_225_154.pth,0.998
model_225_155.pth,0.997
model_225_156.pth,0.999
model_225_157.pth,0.999
model_225_158.pth,0.999
model_225_159.pth,0.999
model_225_160.pth,0.879
model_225_161.pth,0.999
model_225_162.pth,0.999
model_225_163.pth,1.0
model_225_164.pth,0.999
model_225_165.pth,0.997
model_225_166.pth,0.996
model_225_167.pth,0.998
model_225_168.pth,0.999
model_225_169.pth,0.999
model_225_170.pth,0.998
model_225_171.pth,0.999
model_225_172.pth,0.899
model_225_173.pth,0.999
model_225_174.pth,0.997
model_225_175.pth,1.0
model_225_176.pth,0.999
model_225_177.pth,0.999
model_225_178.pth,0.997
model_225_179.pth,0.999
model_225_180.pth,0.999
model_225_181.pth,0.883
model_225_182.pth,0.905
model_225_183.pth,0.999
model_225_184.pth,0.997
model_225_185.pth,0.999
model_225_186.pth,0.905
model_225_187.pth,0.999
model_225_188.pth,0.997
model_225_189.pth,0.999
model_225_190.pth,0.999
model_225_191.pth,0.995
model_225_192.pth,0.999
model_225_193.pth,0.984
model_225_194.pth,0.885
model_225_195.pth,0.999
model_225_196.pth,0.906
model_225_197.pth,0.999
model_225_198.pth,1.0
model_225_199.pth,0.999
model_270_0.pth,0.999
model_270_1.pth,0.999
model_270_2.pth,1.0
model_270_3.pth,0.999
model_270_4.pth,0.905
model_270_5.pth,0.885
model_270_6.pth,1.0
model_270_7.pth,0.997
model_270_8.pth,0.997
model_270_9.pth,0.997
model_270_10.pth,0.999
model_270_11.pth,0.999
model_270_12.pth,0.999
model_270_13.pth,0.886
model_270_14.pth,0.999
model_270_15.pth,0.999
model_270_16.pth,1.0
model_270_17.pth,0.999
model_270_18.pth,1.0
model_270_19.pth,1.0
model_270_20.pth,0.999
model_270_21.pth,0.905
model_270_22.pth,0.999
model_270_23.pth,0.999
model_270_24.pth,0.998
model_270_25.pth,0.999
model_270_26.pth,1.0
model_270_27.pth,0.999
model_270_28.pth,0.999
model_270_29.pth,1.0
model_270_30.pth,0.999
model_270_31.pth,1.0
model_270_32.pth,0.999
model_270_33.pth,0.999
model_270_34.pth,0.999
model_270_35.pth,0.999
model_270_36.pth,0.999
model_270_37.pth,0.998
model_270_38.pth,0.999
model_270_39.pth,0.997
model_270_40.pth,0.999
model_270_41.pth,0.877
model_270_42.pth,0.998
model_270_43.pth,0.999
model_270_44.pth,0.999
model_270_45.pth,0.999
model_270_46.pth,0.999
model_270_47.pth,0.998
model_270_48.pth,0.999
model_270_49.pth,0.999
model_270_50.pth,0.999
model_270_51.pth,0.999
model_270_52.pth,0.999
model_270_53.pth,0.999
model_270_54.pth,0.999
model_270_55.pth,0.999
model_270_56.pth,0.896
model_270_57.pth,0.999
model_270_58.pth,1.0
model_270_59.pth,0.905
model_270_60.pth,0.998
model_270_61.pth,0.999
model_270_62.pth,1.0
model_270_63.pth,1.0
model_270_64.pth,0.999
model_270_65.pth,0.999
model_270_66.pth,0.999
model_270_67.pth,1.0
model_270_68.pth,0.999
model_270_69.pth,0.999
model_270_70.pth,0.999
model_270_71.pth,0.999
model_270_72.pth,0.999
model_270_73.pth,0.999
model_270_74.pth,0.896
model_270_75.pth,0.999
model_270_76.pth,0.999
model_270_77.pth,0.898
model_270_78.pth,1.0
model_270_79.pth,0.999
model_270_80.pth,0.892
model_270_81.pth,1.0
model_270_82.pth,0.999
model_270_83.pth,1.0
model_270_84.pth,1.0
model_270_85.pth,0.997
model_270_86.pth,0.999
model_270_87.pth,0.999
model_270_88.pth,0.885
model_270_89.pth,1.0
model_270_90.pth,0.885
model_270_91.pth,0.897
model_270_92.pth,0.999
model_270_93.pth,0.999
model_270_94.pth,1.0
model_270_95.pth,0.999
model_270_96.pth,0.903
model_270_97.pth,0.999
model_270_98.pth,0.999
model_270_99.pth,0.998
model_270_100.pth,0.999
model_270_101.pth,0.999
model_270_102.pth,0.999
model_270_103.pth,0.904
model_270_104.pth,0.999
model_270_105.pth,0.999
model_270_106.pth,0.999
model_270_107.pth,0.999
model_270_108.pth,1.0
model_270_109.pth,0.999
model_270_110.pth,1.0
model_270_111.pth,0.897
model_270_112.pth,1.0
model_270_113.pth,1.0
model_270_114.pth,0.999
model_270_115.pth,0.999
model_270_116.pth,0.999
model_270_117.pth,0.999
model_270_118.pth,1.0
model_270_119.pth,0.902
model_270_120.pth,0.999
model_270_121.pth,0.999
model_270_122.pth,0.999
model_270_123.pth,0.999
model_270_124.pth,0.999
model_270_125.pth,0.997
model_270_126.pth,0.9
model_270_127.pth,0.999
model_270_128.pth,1.0
model_270_129.pth,1.0
model_270_130.pth,1.0
model_270_131.pth,0.999
model_270_132.pth,0.999
model_270_133.pth,0.999
model_270_134.pth,0.999
model_270_135.pth,0.999
model_270_136.pth,0.997
model_270_137.pth,0.999
model_270_138.pth,0.999
model_270_139.pth,0.998
model_270_140.pth,1.0
model_270_141.pth,0.999
model_270_142.pth,1.0
model_270_143.pth,0.997
model_270_144.pth,0.999
model_270_145.pth,0.999
model_270_146.pth,0.999
model_270_147.pth,0.999
model_270_148.pth,0.999
model_270_149.pth,0.998
model_270_150.pth,0.999
model_270_151.pth,0.999
model_270_152.pth,0.997
model_270_153.pth,0.999
model_270_154.pth,0.999
model_270_155.pth,1.0
model_270_156.pth,0.999
model_270_157.pth,0.896
model_270_158.pth,0.899
model_270_159.pth,0.999
model_270_160.pth,0.999
model_270_161.pth,0.999
model_270_162.pth,0.999
model_270_163.pth,0.999
model_270_164.pth,0.999
model_270_165.pth,0.999
model_270_166.pth,0.886
model_270_167.pth,0.996
model_270_168.pth,0.999
model_270_169.pth,1.0
model_270_170.pth,1.0
model_270_171.pth,0.999
model_270_172.pth,0.999
model_270_173.pth,1.0
model_270_174.pth,0.999
model_270_175.pth,0.999
model_270_176.pth,0.877
model_270_177.pth,0.999
model_270_178.pth,1.0
model_270_179.pth,1.0
model_270_180.pth,0.999
model_270_181.pth,0.997
model_270_182.pth,0.999
model_270_183.pth,0.999
model_270_184.pth,0.999
model_270_185.pth,0.999
model_270_186.pth,0.904
model_270_187.pth,1.0
model_270_188.pth,0.876
model_270_189.pth,1.0
model_270_190.pth,1.0
model_270_191.pth,0.999
model_270_192.pth,0.999
model_270_193.pth,1.0
model_270_194.pth,0.999
model_270_195.pth,1.0
model_270_196.pth,1.0
model_270_197.pth,0.999
model_270_198.pth,0.999
model_270_199.pth,0.999
model_315_0.pth,0.997
model_315_1.pth,1.0
model_315_2.pth,0.998
model_315_3.pth,0.999
model_315_4.pth,0.999
model_315_5.pth,0.992
model_315_6.pth,0.999
model_315_7.pth,0.999
model_315_8.pth,0.999
model_315_9.pth,0.999
model_315_10.pth,0.998
model_315_11.pth,0.897
model_315_12.pth,0.998
model_315_13.pth,0.896
model_315_14.pth,1.0
model_315_15.pth,0.997
model_315_16.pth,0.997
model_315_17.pth,0.897
model_315_18.pth,0.885
model_315_19.pth,0.994
model_315_20.pth,0.997
model_315_21.pth,0.897
model_315_22.pth,0.903
model_315_23.pth,0.999
model_315_24.pth,0.999
model_315_25.pth,1.0
model_315_26.pth,0.999
model_315_27.pth,1.0
model_315_28.pth,0.999
model_315_29.pth,1.0
model_315_30.pth,1.0
model_315_31.pth,1.0
model_315_32.pth,0.999
model_315_33.pth,0.896
model_315_34.pth,0.999
model_315_35.pth,0.999
model_315_36.pth,0.995
model_315_37.pth,0.999
model_315_38.pth,1.0
model_315_39.pth,1.0
model_315_40.pth,0.997
model_315_41.pth,0.999
model_315_42.pth,0.896
model_315_43.pth,0.896
model_315_44.pth,0.999
model_315_45.pth,0.998
model_315_46.pth,0.998
model_315_47.pth,0.999
model_315_48.pth,0.999
model_315_49.pth,1.0
model_315_50.pth,0.999
model_315_51.pth,0.999
model_315_52.pth,0.999
model_315_53.pth,0.997
model_315_54.pth,0.999
model_315_55.pth,0.999
model_315_56.pth,0.999
model_315_57.pth,1.0
model_315_58.pth,0.897
model_315_59.pth,1.0
model_315_60.pth,1.0
model_315_61.pth,0.885
model_315_62.pth,0.905
model_315_63.pth,0.999
model_315_64.pth,0.878
model_315_65.pth,0.999
model_315_66.pth,0.999
model_315_67.pth,1.0
model_315_68.pth,0.997
model_315_69.pth,1.0
model_315_70.pth,0.905
model_315_71.pth,0.898
model_315_72.pth,0.903
model_315_73.pth,0.999
model_315_74.pth,0.998
model_315_75.pth,0.999
model_315_76.pth,1.0
model_315_77.pth,0.998
model_315_78.pth,1.0
model_315_79.pth,0.999
model_315_80.pth,0.999
model_315_81.pth,0.999
model_315_82.pth,0.999
model_315_83.pth,0.999
model_315_84.pth,0.999
model_315_85.pth,0.999
model_315_86.pth,0.998
model_315_87.pth,1.0
model_315_88.pth,0.999
model_315_89.pth,0.999
model_315_90.pth,0.999
model_315_91.pth,0.999
model_315_92.pth,0.999
model_315_93.pth,0.998
model_315_94.pth,0.999
model_315_95.pth,0.895
model_315_96.pth,0.999
model_315_97.pth,0.999
model_315_98.pth,0.998
model_315_99.pth,0.999
model_315_100.pth,0.897
model_315_101.pth,0.878
model_315_102.pth,0.997
model_315_103.pth,0.997
model_315_104.pth,1.0
model_315_105.pth,0.895
model_315_106.pth,0.999
model_315_107.pth,0.999
model_315_108.pth,0.999
model_315_109.pth,1.0
model_315_110.pth,0.853
model_315_111.pth,0.997
model_315_112.pth,0.999
model_315_113.pth,0.993
model_315_114.pth,0.885
model_315_115.pth,0.897
model_315_116.pth,1.0
model_315_117.pth,0.999
model_315_118.pth,0.999
model_315_119.pth,0.997
model_315_120.pth,0.999
model_315_121.pth,1.0
model_315_122.pth,0.999
model_315_123.pth,0.999
model_315_124.pth,0.895
model_315_125.pth,1.0
model_315_126.pth,0.891
model_315_127.pth,0.894
model_315_128.pth,1.0
model_315_129.pth,0.999
model_315_130.pth,0.999
model_315_131.pth,0.997
model_315_132.pth,0.997
model_315_133.pth,0.894
model_315_134.pth,0.999
model_315_135.pth,0.999
model_315_136.pth,1.0
model_315_137.pth,0.998
model_315_138.pth,1.0
model_315_139.pth,0.999
model_315_140.pth,0.999
model_315_141.pth,0.999
model_315_142.pth,0.992
model_315_143.pth,0.999
model_315_144.pth,0.999
model_315_145.pth,1.0
model_315_146.pth,0.999
model_315_147.pth,0.997
model_315_148.pth,0.897
model_315_149.pth,0.999
model_315_150.pth,0.999
model_315_151.pth,1.0
model_315_152.pth,1.0
model_315_153.pth,0.891
model_315_154.pth,0.885
model_315_155.pth,0.998
model_315_156.pth,0.999
model_315_157.pth,0.997
model_315_158.pth,0.997
model_315_159.pth,0.995
model_315_160.pth,0.999
model_315_161.pth,0.909
model_315_162.pth,0.998
model_315_163.pth,1.0
model_315_164.pth,0.999
model_315_165.pth,0.999
model_315_166.pth,0.903
model_315_167.pth,0.999
model_315_168.pth,0.999
model_315_169.pth,0.998
model_315_170.pth,0.999
model_315_171.pth,0.999
model_315_172.pth,0.999
model_315_173.pth,0.998
model_315_174.pth,0.998
model_315_175.pth,0.998
model_315_176.pth,1.0
model_315_177.pth,0.997
model_315_178.pth,0.885
model_315_179.pth,0.998
model_315_180.pth,1.0
model_315_181.pth,0.999
model_315_182.pth,0.999
model_315_183.pth,1.0
model_315_184.pth,0.999
model_315_185.pth,1.0
model_315_186.pth,0.999
model_315_187.pth,1.0
model_315_188.pth,0.998
model_315_189.pth,1.0
model_315_190.pth,0.999
model_315_191.pth,0.905
model_315_192.pth,0.997
model_315_193.pth,0.997
model_315_194.pth,0.997
model_315_195.pth,0.998
model_315_196.pth,1.0
model_315_197.pth,0.999
model_315_198.pth,1.0
model_315_199.pth,0.997
